2094-98-6,1,1,,"Frigo  ATEX Etalon 1","Etagère 1"
4045-44-7,1,1,,"Armoir à produits 1","Caisse transparente"
592-57-4,1,1,,"Frigo  ATEX Etalon 1","Etagère 1"
130-15-4,1,1,,"Armoir à produits 1","Caisse rouge"
82-05-3,1,1,,"Armoir à produits 1","Caisse transparente"
271-89-6,1,1,,"Frigo  ATEX Etalon 1","Etagère 1"
109-79-5,1,1,,"Armoir à produits 1","Caisse verte"
109-79-5,1,1,,"Armoir à produits 1","Caisse rouge"
143-10-2,1,1,,"Armoir à produits 1","Caisse verte"
143-10-2,1,1,,"Frigo  ATEX Etalon 1","Etagère 1"
661-19-8,1,1,,"Armoir à produits 1","Caisse transparente"
1639-09-04,1,1,,"Armoir à produits 1","Caisse verte"
111-70-6,1,1,,"Armoir à produits 1","Caisse transparente"
111-31-9,1,1,,"Armoir à produits 1","Caisse verte"
11-27-3,1,1,,"Armoir à produits 1","Caisse transparente"
592-41-6,1,1,,"Armoir à produits 1","Caisse transparente"
693-02-7,1,1,,"Armoir à produits 1","Caisse transparente"
83-33-0,1,1,,"Armoir à produits 1","Caisse transparente"
90-12-0,1,1,,"Armoir à produits 1",Tiroir
5522-43-0,1,1,,"Armoir à produits 1","Caisse transparente"
557-61-9,1,1,,"Frigo  ATEX Etalon 1","Etagère 1"
111-88-6,1,1,,"Armoir à produits 1","Caisse verte"
111-66-0,1,1,,"Armoir à produits 1","Caisse transparente"
110-66-7,1,1,,"Armoir à produits 1","Caisse verte"
110-66-7,1,1,,"Armoir à produits 1","Caisse verte"
71-41-0,1,1,,"Armoir à produits 1","Caisse transparente"
104-72-3,1,1,,"Armoir à produits 1","Caisse transparente"
107-03-9,1,1,,"Armoir à produits 1","Caisse verte"
112-42-5,1,1,,"Armoir à produits 1",Tiroir
111-13-7,1,1,,"Armoir à produits 1","Caisse transparente"
271-89-6,1,1,,"Frigo  ATEX Etalon 1","Etagère 1"
633-02-8,1,1,,"Armoir à produits 1","Caisse verte"
78-92-2,1,1,,"Armoir à produits 1","Caisse transparente"
78-93-3,1,1,,"Armoir à produits 1",Tiroir
693-54-9,1,1,,"Armoir à produits 1","Caisse transparente"
872-55-9,1,1,,"Armoir à produits 1","Caisse verte"
110-43-0,1,1,,"Armoir à produits 1","Caisse transparente"
110-43-0,1,1,,"Armoir à produits 1","Caisse transparente"
84-54-8,1,1,,"Armoir à produits 1",Tiroir
84-54-8,1,1,,"Armoir à produits 1","Caisse transparente"
1195-14-8,1,1,,"Armoir à produits 1","Caisse verte"
3221-61-2,1,1,,"Armoir à produits 1","Caisse transparente"
554-14-3,1,1,,"Armoir à produits 1","Caisse verte"
1455-20-5,1,1,,"Armoir à produits 1","Caisse verte"
216-288-8,1,1,,"Armoir à produits 1","Caisse verte"
123-96-6,1,1,,"Armoir à produits 1","Caisse transparente"
111-13-7,1,1,,"Armoir à produits 1","Caisse transparente"
6032-29-7,1,1,,"Armoir à produits 1",Tiroir
107-87-9,1,1,,"Armoir à produits 1",Tiroir
4410-99-5,1,1,,"Armoir à produits 1","Caisse verte"
825-55-8,1,1,,"Frigo  ATEX Etalon 1","Etagère 1"
75-33-2,1,1,,"Armoir à produits 1","Caisse verte"
67-63-0,1,1,,"Armoir à produits 1",Tiroir
112-12-9,1,1,,"Armoir à produits 1",Tiroir
112-12-9,1,1,,"Frigo  ATEX Etalon 1","Etagère 2"
112-12-9,1,1,,"Armoir à produits 1",Tiroir
106-68-3,1,1,,"Armoir à produits 1","Caisse transparente"
96-22-0,1,1,,"Armoir à produits 1","Caisse transparente"
589-38-8,1,1,,"Armoir à produits 1","Caisse transparente"
928-49-4,1,1,,"Armoir à produits 1","Caisse transparente"
1455-18-1,1,1,,"Armoir à produits 1","Caisse verte"
2049-94-7,1,1,,"Armoir à produits 1","Caisse transparente"
616-44-4,1,1,,"Armoir à produits 1","Caisse verte"
589-98-0,1,1,,"Armoir à produits 1","Caisse transparente"
96-22-0,1,1,,"Frigo  ATEX Etalon 1","Etagère 1"
1207-12-1,1,1,,"Armoir à produits 1","Caisse verte"
4551-69-3,1,1,,"Armoir à produits 1","Caisse transparente"
601-57-0,1,1,,"Frigo  ATEX Etalon 1","Etagère 2"
7320-53-8,1,1,,"Congélateur ATEX Etalon 1","Tiroir 1"
7372-88-5,1,1,,"Armoir à produits 1","Caisse verte"
589-62-8,1,1,,"Armoir à produits 1","Caisse transparente"
589-63-9,1,1,,"Armoir à produits 1","Caisse transparente"
1718-51-0,1,1,,"Armoir à produits 1","Caisse transparente"
1718-51-0,1,1,,"Congélateur ATEX Etalon 1","Tiroir 3"
536-17-4,1,1,,"Armoir à produits 1","Caisse transparente"
1090-13-7,1,1,,"Armoir à produits 1","Caisse transparente"
1090-13-7,1,1,,"Armoir à produits 1","Caisse transparente"
481-21-0,1,1,,"Frigo  ATEX Etalon 1","Etagère 1"
481-21-0,1,1,,"Frigo  ATEX Etalon 1","Etagère 1"
80373-86-0,1,1,,"Frigo  ATEX Etalon 1","Etagère 1"
516-92-7,1,1,,"Frigo  ATEX Etalon 1","Etagère 1"
516-92-7,1,1,,"Frigo  ATEX Etalon 1","Etagère 1"
516-92-7,1,1,,"Frigo  ATEX Etalon 1","Etagère 1"
1175-06-0,1,1,,"Frigo  ATEX Etalon 1","Etagère 2"
776-35-2,1,1,,"Armoir à produits 1","Caisse transparente"
486-25-9,1,1,,"Armoir à produits 1","Caisse transparente"
486-25-9,1,1,,"Armoir à produits 1",Tiroir
137219-34-2,1,1,,"Armoir à produits 1","Caisse rouge"
78-67-1,1,1,,"Frigo  ATEX Etalon 1","Etagère 1"
319-84-6,1,1,,"Armoir à produits 1","Caisse rouge"
319-84-6,1,1,,"Armoir à produits 1","Caisse rouge"
514-10-3,1,1,,"Armoir à produits 1","Caisse transparente"
514-10-3,1,1,,"Congélateur ATEX Etalon 1","Tiroir 2"
67-64-1,1,1,,"Frigo  ATEX Etalon 1","Etagère 3"
260-94-6,1,1,,"Armoir à produits 1","Caisse transparente"
73-24-5,1,1,,"Armoir à produits 1","Caisse transparente"
84-21-9,1,1,,"Armoir à produits 1","Caisse transparente"
631-61-8,1,1,,"Armoir à produits 1","Caisse transparente"
631-61-8,1,1,,"Armoir à produits 1","Caisse transparente"
13598-65-7,1,1,,"Armoir à produits 1","Caisse transparente"
13598-65-7,1,1,,"Armoir à produits 1","Caisse transparente"
120-12-7,1,1,,"Armoir à produits 1","Caisse transparente"
120-12-7,1,1,,"Armoir à produits 1","Caisse transparente"
84-65-1,1,1,,"Armoir à produits 1","Caisse transparente"
84-65-1,1,1,,"Armoir à produits 1",Tiroir
10439-39-1,1,1,,"Armoir à produits 1","Caisse rouge"
90-44-8,1,1,,"Armoir à produits 1","Caisse transparente"
90-44-8,1,1,,"Armoir à produits 1","Caisse transparente"
506-30-9,1,1,,"Congélateur ATEX Etalon 1","Tiroir 1"
506-30-9,1,1,,"Congélateur ATEX Etalon 1","Tiroir 1"
103-33-3,1,1,,"Armoir à produits 1","Caisse rouge"
319-85-7,1,1,,"Armoir à produits 1","Caisse rouge"
80-97-7,1,1,,"Frigo  ATEX Etalon 1","Etagère 1"
112-85-6,1,1,,"Frigo  ATEX Etalon 1","Etagère 1"
2498-66-0,1,1,,"Armoir à produits 1","Caisse transparente"
56-55-3,1,1,,"Armoir à produits 1","Caisse transparente"
1718-53-2,1,1,,"Armoir à produits 1","Caisse rouge"
50-32-8,1,1,,"Armoir à produits 1","Caisse transparente"
63466-71-7,1,1,,"Armoir à produits 1","Caisse rouge"
93951-66-7,1,1,,"Armoir à produits 1","Caisse rouge"
191-24-2,1,1,,"Armoir à produits 1","Caisse transparente"
230-27-3,1,1,,"Armoir à produits 1","Caisse transparente"
230-27-3,1,1,,"Armoir à produits 1","Caisse transparente"
100-53-8,1,1,,"Armoir à produits 1","Caisse verte"
103-29-7,1,1,,"Armoir à produits 1","Caisse transparente"
100603-32-5,1,1,,"Armoir à produits 1","Caisse transparente"
Mélange,1,1,,"Frigo  ATEX Etalon 1","Etagère 2"
123-86-4,1,1,,"Armoir à produits 1",Tiroir
629-45-8,1,1,,"Produit hors site","Produit non rangé"
104-51-8,1,1,,"Armoir à produits 1",Tiroir
104-51-8,1,1,,"Armoir à produits 1",Tiroir
1678-93-9,1,1,,"Armoir à produits 1","Caisse transparente"
123-72-8,1,1,,"Armoir à produits 1",Tiroir
10035-04-8,1,1,,"Armoir des sels 1","Etagère 1"
86-74-8,1,1,,"Armoir à produits 1","Caisse transparente"
9004-34-6,1,1,,"Armoir à produits 1",Tiroir
358731-18-7,1,1,,"Frigo  ATEX Etalon 1","Etagère 1"
481-21-0,1,1,,"Frigo  ATEX Etalon 1","Etagère 1"
57-88-5,1,1,,"Frigo  ATEX Etalon 1","Etagère 2"
92543-08-3,1,1,,"Frigo  ATEX Etalon 1","Etagère 1"
57-88-5,1,1,,"Frigo  ATEX Etalon 1","Etagère 1"
5949-29-1,1,1,,"Armoir des sels 1","Etagère 1"
147-14-8,1,1,,"Armoir à produits 1","Caisse transparente"
360-68-9,1,1,,"Frigo  ATEX Etalon 1","Etagère 1"
601-53-6,1,1,,"Frigo  ATEX Etalon 1","Etagère 1"
360-68-9,1,1,,"Frigo  ATEX Etalon 1","Etagère 1"
110-82-7,1,1,,"Armoir à produits 1",Tiroir
65-46-3,1,1,,"Frigo  ATEX Etalon 1","Etagère 2"
319-86-8,1,1,,"Armoir à produits 1","Caisse rouge"
319-86-8,1,1,,"Armoir à produits 1","Caisse rouge"
319-86-8,1,1,,"Armoir à produits 1","Caisse rouge"
16416-29-8,1,1,,"Congélateur ATEX Etalon 1","Tiroir 2"
2016-57-1,1,1,,"Armoir à produits 1","Caisse rouge"
50-99-7,1,1,,"Armoir des sels 1","Etagère 1"
132-64-9,1,1,,"Armoir à produits 1","Caisse transparente"
132-64-9,1,1,,"Armoir à produits 1","Caisse transparente"
93952-04-6,1,1,,"Armoir à produits 1","Caisse rouge"
132-65-0,1,1,,"Armoir à produits 1","Caisse verte"
132-65-0,1,1,,"Armoir à produits 1","Caisse transparente"
150-60-7,1,1,,"Armoir à produits 1","Caisse verte"
629-45-8,1,1,,"Armoir à produits 1","Caisse verte"
84-74-2,1,1,,"Armoir à produits 1","Caisse rouge"
544-40-1,1,1,,"Armoir à produits 1",Tiroir
110-81-6,1,1,,"Armoir à produits 1","Caisse verte"
352-93-2,1,1,,"Armoir à produits 1",Tiroir
624-92-0,1,1,,"Armoir à produits 1","Caisse rouge"
101-81-5,1,1,,"Armoir à produits 1","Caisse transparente"
101-81-5,1,1,,"Armoir à produits 1","Caisse rouge"
111-43-3,1,1,,"Armoir à produits 1","Caisse transparente"
10039-32-4,1,1,,"Armoir des sels 1","Etagère 1"
112-40-3,1,1,,"Armoir à produits 1","Caisse transparente"
112-40-3,1,1,,"Armoir à produits 1",Tiroir
16416-30-1,1,1,,"Congélateur ATEX Etalon 1","Tiroir 2"
143-07-7,1,1,,"Armoir à produits 1",Tiroir
7558-79-4,1,1,,"Armoir des sels 1","Etagère 1"
544-85-4,1,1,,"Armoir à produits 1","Caisse transparente"
50-69-1,1,1,,"Armoir à produits 1","Caisse transparente"
112-95-8,1,1,,"Armoir à produits 1",Tiroir
112-95-8,1,1,,"Armoir à produits 1",Tiroir
516-92-7,1,1,,"Frigo  ATEX Etalon 1","Etagère 1"
516-92-7,1,1,,"Frigo  ATEX Etalon 1","Etagère 1"
57-87-4,1,1,,"Frigo  ATEX Etalon 1","Etagère 1"
75-08-1,1,1,,"Armoir à produits 1","Caisse verte"
141-43-5,1,1,,"Armoir à produits 1",Tiroir
141-78-6,1,1,,"Frigo  ATEX Etalon 1","Etagère 3"
141-78-6,1,1,,"Frigo  ATEX Etalon 1","Etagère 3"
624-89-5,1,1,,"Armoir à produits 1","Caisse verte"
100-41-4,1,1,,"Armoir à produits 1","Caisse transparente"
100-41-4,1,1,,"Armoir à produits 1",Tiroir
622-38-8,1,1,,"Armoir à produits 1","Caisse verte"
206-44-0,1,1,,"Armoir à produits 1","Caisse transparente"
206-44-0,1,1,,"Armoir à produits 1","Caisse transparente"
206-44-0,1,1,,"Armoir à produits 1","Caisse transparente"
206-44-0,1,1,,"Armoir à produits 1",Tiroir
93951-69-0,1,1,,"Armoir à produits 1","Caisse rouge"
86-73-7,1,1,,"Armoir à produits 1",Tiroir
81103-79-9,1,1,,"Armoir à produits 1","Caisse transparente"
81103-79-9,1,1,,"Armoir à produits 1","Caisse transparente"
50-00-0,1,1,,"Armoir à produits 1","Caisse rouge"
110-00-9,1,1,,"Armoir à produits 1","Caisse rouge"
56-40-6,1,1,,"Armoir à produits 1","Caisse transparente"
56-40-6,1,1,,"Armoir à produits 1",Tiroir
73-40-5,1,1,,"Armoir à produits 1","Caisse transparente"
118-00-3,1,1,,"Armoir à produits 1","Caisse transparente"
Mélange,1,1,,"Frigo  ATEX Etalon 1","Etagère 1"
630-04-6,1,1,,"Armoir à produits 1","Caisse transparente"
593-49-7,1,1,,"Armoir à produits 1","Caisse transparente"
629-78-7,1,1,,"Armoir à produits 1","Caisse transparente"
111-71-7,1,1,,"Produit hors site","Produit non rangé"
111-14-8,1,1,,"Armoir à produits 1",Tiroir
506-46-7,1,1,,"Frigo  ATEX Etalon 1","Etagère 1"
544-76-3,1,1,,"Armoir à produits 1",Tiroir
66-25-1,1,1,,"Frigo  ATEX Etalon 1","Etagère 2"
142-62-1,1,1,,"Armoir à produits 1","Caisse transparente"
16416-34-5,1,1,,"Frigo  ATEX Etalon 1","Etagère 1"
Mélange,1,1,,"Congélateur ATEX Etalon 1","Tiroir 1"
Mélange,1,1,,"Congélateur ATEX Etalon 1","Tiroir 2"
Mélange,1,1,,"Armoir à produits 1","Caisse transparente"
95-13-6,1,1,,"Frigo  ATEX Etalon 1","Etagère 1"
120-72-9,1,1,,"Armoir à produits 1","Caisse transparente"
120-72-9,1,1,,"Armoir à produits 1","Caisse transparente"
1317-61-9,1,1,,"Armoir à produits 1","Caisse transparente"
7782-63-0,1,1,,"Armoir à produits 1",Tiroir
7782-63-0,1,1,,"Armoir des sels 1","Etagère 1"
142906-29-4,1,1,,"Armoir des sels 1","Etagère 1"
5835-26-7,1,1,,"Congélateur ATEX Etalon 1","Tiroir 1"
147-85-3,1,1,,"Armoir à produits 1","Caisse transparente"
73-22-3,1,1,,"Armoir à produits 1","Caisse transparente"
74-79-9,1,1,,"Armoir à produits 1",Tiroir
56-85-9,1,1,,"Armoir à produits 1",Tiroir
39665-12-8,1,1,,"Armoir à produits 1","Caisse transparente"
56-41-7,1,1,,"Armoir à produits 1","Caisse transparente"
71-00-1,1,1,,"Armoir à produits 1","Caisse transparente"
8072-93-3,1,1,,"Armoir à produits 1","Caisse transparente"
557-59-5,1,1,,"Frigo  ATEX Etalon 1","Etagère 1"
557-59-5,1,1,,"Frigo  ATEX Etalon 1","Etagère 1"
557-59-5,1,1,,"Frigo  ATEX Etalon 1","Etagère 1"
557-59-5,1,1,,"Frigo  ATEX Etalon 1","Etagère 1"
1310-66-3,1,1,,"Armoir à produits 1","Caisse transparente"
61-90-5,1,1,,"Armoir à produits 1",Tiroir
63-91-2,1,1,,"Armoir à produits 1","Caisse transparente"
72-19-5,1,1,,"Armoir à produits 1","Caisse transparente"
60-18-4,1,1,,"Armoir à produits 1","Caisse transparente"
1317-61-9,1,1,,"Armoir à produits 1","Caisse transparente"
108-67-8,1,1,,"Armoir à produits 1",Tiroir
2179-60-4,1,1,,"Armoir à produits 1","Caisse verte"
544-63-8,1,1,,"Congélateur ATEX Etalon 1","Tiroir 1"
91-20-3,1,1,,"Armoir à produits 1",Tiroir
91-20-3,1,1,,"Armoir à produits 1","Caisse rouge"
91-20-3,1,1,,"Frigo  ATEX Etalon 1","Etagère 1"
104-51-8,1,1,,"Armoir à produits 1","Caisse transparente"
124-18-5,1,1,,"Congélateur ATEX Etalon 1","Tiroir 3"
124-18-5,1,1,,"Armoir à produits 1","Caisse transparente"
124-18-5,1,1,,"Armoir à produits 1","Caisse transparente"
124-18-5,1,1,,"Armoir à produits 1",Tiroir
630-03-5,1,1,,"Armoir à produits 1","Caisse transparente"
629-92-5,1,1,,"Armoir à produits 1","Caisse transparente"
31859,1,1,,"Armoir à produits 1","Caisse transparente"
16416-32-3,1,1,,"Frigo  ATEX Etalon 1","Etagère 1"
16416-32-3,1,1,,"Congélateur ATEX Etalon 1","Tiroir 2"
593-45-3,1,1,,"Armoir à produits 1","Caisse transparente"
104-50-7,1,1,,"Armoir à produits 1",Tiroir
124-13-0,1,1,,"Armoir à produits 1","Caisse transparente"
111-65-9,1,1,,"Armoir à produits 1",Tiroir
111-65-9,1,1,,"Armoir à produits 1",Tiroir
111-65-9,1,1,,"Armoir à produits 1",Tiroir
111-65-9,1,1,,"Armoir à produits 1",Tiroir
111-65-9,1,1,,"Armoir à produits 1",Tiroir
111-65-9,1,1,,"Armoir à produits 1",Tiroir
124-07-2,1,1,,"Armoir à produits 1","Caisse transparente"
111-87-5,1,1,,"Armoir à produits 1","Caisse transparente"
13444-93-4,1,1,,"Armoir à produits 1","Caisse transparente"
231-760-3,1,1,,"Armoir des sels 1","Etagère 1"
57-10-3,1,1,,"Armoir à produits 1","Caisse transparente"
57-10-3,1,1,,"Armoir à produits 1",Tiroir
39756-30-4,1,1,,"Armoir à produits 1","Caisse transparente"
39756-30-4,1,1,,"Armoir à produits 1","Caisse transparente"
14099-01-5,1,1,,"Armoir à produits 1","Caisse transparente"
630-07-9,1,1,,"Armoir à produits 1","Caisse transparente"
548-39-0,1,1,,"Armoir à produits 1","Caisse transparente"
7722-84-1,1,1,,"Frigo  ATEX Etalon 1","Etagère 1"
198-55-0,1,1,,"Armoir à produits 1","Caisse transparente"
198-55-0,1,1,,"Armoir à produits 1","Caisse transparente"
198-55-0,1,1,,"Armoir à produits 1","Caisse transparente"
85-01-8,1,1,,"Armoir à produits 1",Tiroir
51429-74-4,1,1,,"Frigo  ATEX Etalon 1","Etagère 1"
88-99-3,1,1,,"Armoir à produits 1",Tiroir
127-27-5,1,1,,"Congélateur ATEX Etalon 1","Tiroir 1"
29793-40-6,1,1,,"Armoir à produits 1","Caisse transparente"
25214-14-6,1,1,,"Armoir à produits 1",Tiroir
25249-54-1,1,1,,"Armoir à produits 1","Caisse transparente"
9003-53-6,1,1,,"Armoir à produits 1","Caisse transparente"
9003-53-6,1,1,,"Armoir à produits 1","Caisse transparente"
7447-40-7,1,1,,"Armoir des sels 1","Etagère 1"
7778-77-0,1,1,,"Armoir des sels 1","Etagère 1"
14459-95-1,1,1,,"Armoir des sels 1","Etagère 1"
772264-7,1,1,,"Armoir des sels 1","Etagère 1"
79-09-4,1,1,,"Armoir à produits 1","Caisse transparente"
103-65-1,1,1,,"Armoir à produits 1","Caisse transparente"
103-65-1,1,1,,"Armoir à produits 1","Caisse transparente"
103-65-1,1,1,,"Armoir à produits 1","Caisse transparente"
129-00-0,1,1,,"Armoir à produits 1","Caisse transparente"
1718-52-1,1,1,,"Armoir à produits 1","Caisse rouge"
110-86-1,1,1,,"Armoir à produits 1",Tiroir
109-97-7,1,1,,"Frigo  ATEX Etalon 1","Etagère 1"
91-22-5,1,1,,"Armoir à produits 1","Caisse rouge"
91-22-5,1,1,,"Armoir à produits 1","Caisse transparente"
34071-94-8,1,1,,"Armoir à produits 1","Caisse rouge"
1314-28-9,1,1,,"Armoir à produits 1","Caisse transparente"
471-74-9,1,1,,"Congélateur ATEX Etalon 1","Tiroir 1"
105-46-4,1,1,,"Armoir à produits 1","Caisse transparente"
135-98-8,1,1,,"Armoir à produits 1",Tiroir
7783-96-25,1,1,,"Armoir à produits 1","Caisse transparente"
26628-22-8,1,1,,"Armoir à produits 1","Caisse rouge"
26628-22-8,1,1,,"Armoir à produits 1","Caisse rouge"
26628-22-8,1,1,,"Frigo  ATEX Etalon 1","Etagère 1"
7631-90-5,1,1,,"Armoir des sels 1","Etagère 1"
18996-35-5,1,1,,"Armoir des sels 1","Etagère 1"
7775-27-1,1,1,,"Armoir des sels 1","Etagère 1"
7775-27-1,1,1,,"Armoir des sels 1","Etagère 1"
13472-36-1,1,1,,"Armoir des sels 1","Etagère 1"
7757-83-7,1,1,,"Armoir des sels 1","Etagère 1"
2926-30-9,1,1,,"Armoir à produits 1","Caisse transparente"
2926-30-9,1,1,,"Armoir à produits 1","Caisse transparente"
2926-30-9,1,1,,"Armoir à produits 1","Caisse transparente"
2926-30-9,1,1,,"Armoir à produits 1","Caisse transparente"
57-11-4,1,1,,"Armoir à produits 1","Caisse transparente"
57-11-4,1,1,,"Armoir à produits 1",Tiroir
19466-47-8,1,1,,"Frigo  ATEX Etalon 1","Etagère 1"
19466-47-8,1,1,,"Frigo  ATEX Etalon 1","Etagère 1"
83-48-7,1,1,,"Frigo  ATEX Etalon 1","Etagère 1"
83-48-7,1,1,,"Frigo  ATEX Etalon 1","Etagère 2"
142-68-7,1,1,,"Armoir à produits 1",Tiroir
110-01-0,1,1,,"Armoir à produits 1","Caisse verte"
110-01-0,1,1,,"Armoir à produits 1","Caisse verte"
95-15-8,1,1,,"Armoir à produits 1","Caisse transparente"
95-15-8,1,1,,"Armoir à produits 1","Caisse verte"
95-15-8,1,1,,"Armoir à produits 1","Caisse verte"
110-02-1,1,1,,"Armoir à produits 1","Caisse verte"
108-98-5,1,1,,"Armoir à produits 1","Caisse verte"
108-98-5,1,1,,"Armoir à produits 1","Caisse rouge"
50-89-5,1,1,,"Armoir à produits 1","Caisse transparente"
50-89-5,1,1,,"Armoir à produits 1","Caisse transparente"
65-71-4,1,1,,"Armoir à produits 1","Caisse transparente"
125-20-2,1,1,,"Armoir à produits 1","Caisse transparente"
630-05-7,1,1,,"Armoir à produits 1","Caisse transparente"
511-15-9,1,1,,"Frigo  ATEX Etalon 1","Etagère 2"
638-67-5,1,1,,"Armoir à produits 1","Caisse transparente"
305808-21-3,1,1,,"Armoir à produits 1","Caisse transparente"
15696-40-9,1,1,,"Armoir à produits 1","Caisse transparente"
68-04-2,1,1,,"Armoir des sels 1","Etagère 1"
66-22-8,1,1,,"Armoir à produits 1","Caisse transparente"
58-96-8,1,1,,"Frigo  ATEX Etalon 1","Etagère 2"
110-62-3,1,1,,"Armoir à produits 1",Tiroir
109-52-4,1,1,,"Armoir à produits 1","Caisse transparente"
109-52-4,1,1,,"Armoir à produits 1","Caisse transparente"
109-52-4,1,1,,"Armoir à produits 1",Tiroir
105-21-5,1,1,,"Armoir à produits 1","Caisse transparente"
108-29-2,1,1,,"Armoir à produits 1","Caisse transparente"
129-00-0,1,1,,"Armoir à produits 1","Caisse transparente"
112-95-8,1,1,,"Armoir à produits 1","Caisse transparente"
143-10-2,1,1,,"Frigo  ATEX Etalon 1","Etagère 2"
1343-88-0,1,1,,"Armoir des sels 1","Etagère 1"
11104-40-8,1,1,,"Armoir des sels 1","Etagère 1"
9003-69-4,1,1,,"Armoir des sels 1","Etagère 1"
1343-88-0,1,1,,"Armoir des sels 1","Etagère 1"
9005-65-6,1,1,,"Armoir des sels 1","Etagère 1"
17060-07-0,1,1,,"Frigo  ATEX Etalon 1","Etagère 4"
2031-90-5,1,1,,"Frigo  ATEX Etalon 1","Etagère 4"
2037-26-5,1,1,,"Frigo  ATEX Etalon 1","Etagère 4"
7320-53-8,1,1,,"Congélateur ATEX Etalon 1","Tiroir 3"
479-79-8,1,1,,"Frigo  ATEX Etalon 1","Etagère 4"
479-79-8,1,1,,"Frigo  ATEX Etalon 1","Etagère 4"
3074-00-8,1,1,,"Frigo  ATEX Etalon 1","Etagère 4"
3074-00-8,1,1,,"Frigo  ATEX Etalon 1","Etagère 4"
225-51-4,1,1,,"Frigo  ATEX Etalon 1","Etagère 4"
225-51-4,1,1,,"Frigo  ATEX Etalon 1","Etagère 4"
7722-84-1,1,1,,"Frigo  ATEX Etalon 1","Etagère 1"
7722-84-1,1,1,,"Frigo  ATEX Etalon 1","Etagère 1"
7722-84-1,1,1,,"Frigo  ATEX Etalon 1","Etagère 1"
7722-84-1,1,1,,"Frigo  ATEX Etalon 1","Etagère 1"
108-88-3,1,1,2500,"Armoir à solvant 1","Etagère 2"
204244-81-5,1,1,,"Frigo  ATEX Etalon 1","Etagère 3"
1219803-91-4,1,1,,"Frigo  ATEX Etalon 1","Etagère 3"
16416-31-2,1,1,,"Frigo  ATEX Etalon 1","Etagère 3"
358731-29-0,1,1,,"Congélateur ATEX Etalon 1","Tiroir 2"
93952-11-5,1,1,,"Congélateur ATEX Etalon 1","Tiroir 2"
16416-32-3,1,1,1,"Frigo  ATEX Etalon 1","Etagère 1"
62369-67-9,1,1,1,"Frigo  ATEX Etalon 1","Etagère 1"
15716-08-2,1,1,1,"Frigo  ATEX Etalon 1","Etagère 1"
7320-53-8,1,1,1,"Congélateur ATEX Etalon 1","Tiroir 1"
84-74-2,1,1,1,"Frigo  ATEX Etalon 1","Etagère 1"
7722-64-7,1,1,,"Armoir des sels 1","Etagère 1"
135-19-3,1,1,,"Armoir à produits 1",Tiroir
135-19-3,1,1,,"Armoir à produits 1",Tiroir
135-19-3,1,1,,"Armoir à produits 1",Tiroir
135-19-3,1,1,,"Armoir à produits 1",Tiroir
135-19-3,1,1,,"Armoir à produits 1",Tiroir
135-19-3,1,1,,"Armoir à produits 1",Tiroir
135-19-3,1,1,,"Armoir à produits 1",Tiroir
135-19-3,1,1,,"Armoir à produits 1",Tiroir
135-19-3,1,1,,"Armoir à produits 1",Tiroir
135-19-3,1,1,,"Armoir à produits 1",Tiroir
143-27-1,1,1,5,"Armoir à produits 1","Caisse rouge"
124-22-1,1,1,5,"Armoir à produits 1","Caisse rouge"
112-53-8,1,1,500,"Armoir des sels 1","Etagère 1"
68037-59-2,1,1,3,"Frigo  ATEX Etalon 1","Etagère 1"
68037-59-2,1,1,3,"Frigo  ATEX Etalon 1","Etagère 1"
68037-59-2,1,1,3,"Frigo  ATEX Etalon 1","Etagère 1"
84-74-2,1,1,1,"Armoir à produits 1",Tiroir
1735-17-7,1,1,5,"Armoir à produits 1",Tiroir
358731-29-0,1,1,5,"Armoir à produits 1",Tiroir
1219802-72-8,1,1,1,"Armoir des sels 1","Etagère 1"
93952-11-5,1,1,1,"Armoir à produits 1",Tiroir
1191245-82-5,1,1,5,"Armoir à produits 1",Tiroir
7320-53-8,1,1,1,"Congélateur ATEX Etalon 1","Tiroir 1"
95-15-8,1,1,5,"Armoir à produits 1",Tiroir
53-70-3,1,1,100,"Armoir à produits 1","Caisse rouge"
207-08-9,1,1,100,"Armoir des sels 1","Etagère 1"
205-99-2,1,1,25,"Armoir à produits 1","Caisse rouge"
193-39-5,1,1,10,"Armoir à produits 1","Caisse rouge"
83-32-9,1,1,1,"Armoir à produits 1","Caisse rouge"
208-96-8,1,1,100,"Armoir à produits 1",Tiroir
218-01-9,1,1,50,"Armoir à produits 1","Caisse rouge"
5470-11-1,1,1,1000,"Armoir à produits 1",Tiroir
10361-37-2,1,1,1000,"Armoir à produits 1",Tiroir
71-36-3,1,1,1000,"Armoir à solvant 1","Etagère 4"
67-66-3,1,1,2500,"Armoir des sels 1","Etagère 1"
110-82-7,1,1,1000,"Armoir à solvant 1","Etagère 4"
71-43-2,1,1,1000,"Armoir à solvant 1","Etagère 4"
110-54-3,1,1,2500,"Armoir à solvant 1","Etagère 4"
142-82-5,1,1,2500,"Armoir à solvant 1","Etagère 4"
544-76-3,1,1,1000,"Armoir à solvant 1","Etagère 4"
95-47-6,1,1,100,"Armoir des sels 1","Etagère 1"
106-42-3,1,1,100,"Armoir des sels 1","Etagère 1"
108-38-3,1,1,100,"Armoir à solvant 1","Etagère 4"
108-86-1,1,1,500,"Armoir à solvant 1","Etagère 4"
540-84-1,1,1,1000,"Armoir à solvant 1","Etagère 4"
67-68-5,1,1,1000,"Armoir à solvant 1","Etagère 4"
7647-01-0,1,1,2500,"Armoir à Acide 1","Etagère 2"
7697-37-2,1,1,1000,"Armoir à Acide 1","Etagère 2"
7697-37-2,1,1,5000,"Armoir à Acide 1","Etagère 2"
25322-68-3,1,1,1000,"Armoir des sels 1","Etagère 1"
112-30-1,1,1,1000,"Armoir à solvant 1","Etagère 4"
6131-90-4,1,1,1000,"Armoir des sels 1","Etagère 1"
9002-88-4,1,1,,"Armoir des sels 1","Etagère 1"
7447-41-8,1,1,,"Armoir des sels 1","Etagère 1"
7789-20-0,1,1,,"Armoir des sels 1","Etagère 1"
7784-13-6,1,1,,"Armoir des sels 1","Etagère 1"
1310-73-2,1,1,,"Armoir à Base 1","Etagère 1"
